Name,Sentiment
user_25,Would never buy this brand again.
user_10,This dishwasher is not worth the money.
user_23,"Absolutely dissatisfied, doesn't live up to the hype."
user_39,"Terrible experience, keeps breaking down."
user_31,"Terrible experience, keeps breaking down."
user_39,Best dishwasher I've ever owned.
user_25,Very satisfied with its performance.
user_27,"Caused more problems than it solved, very frustrating."
user_25,"Amazing quality and performance, I'm impressed."
user_29,Very satisfied with its performance.
user_31,"Fantastic product, worth every penny."
user_25,I love how efficient this dishwasher is!
user_3,"Fantastic product, worth every penny."
user_10,The design is flawed and inconvenient.
user_27,"Complete waste of money, doesn't clean well."
user_5,The design is flawed and inconvenient.
user_13,"Complete waste of money, doesn't clean well."
user_31,Highly recommend this dishwasher to others.
user_23,"Terrible experience, keeps breaking down."
user_34,"Terrible experience, keeps breaking down."
user_3,"Terrible experience, keeps breaking down."
user_26,Best dishwasher I've ever owned.
user_10,"Terrible experience, keeps breaking down."
user_31,"Works perfectly, no complaints at all."
user_31,Impressive cleaning power and quiet operation.
user_22,Very satisfied with its performance.
user_18,"Changed my daily routine for the better, so convenient."
user_40,I love how efficient this dishwasher is!
user_25,"Terrible experience, keeps breaking down."
user_8,I love how efficient this dishwasher is!
user_17,Best dishwasher I've ever owned.
user_29,Would never buy this brand again.
user_24,Impressive cleaning power and quiet operation.
user_16,Would not recommend this to anyone.
user_15,Very satisfied with its performance.
user_31,"Broke within a week of use, very disappointing."
user_15,"Complete waste of money, doesn't clean well."
user_26,"Not what I was expecting, quite underwhelming."
user_5,Would never buy this brand again.
user_39,"Fantastic product, worth every penny."
